index,asin,rating,title,text,ground_truth_sentiment,predicted_sentiment,emotion,correct,latency_s,raw
0,B075XRK2Z3,3.0,Buy this for the looks... your experience may be different than mine,"First let me say it is a very pretty knife,but what I got wasn't quite was pictured... It was Damascus, but there was no ladder pattern to it. The belly of the blade was uneven on the side making the edge decidedly not centered. The bevel is a good 1/4 off on one side. The handle with the finger grooves, it looks great, but they groves are cut so deep, you have to have the perfectly sized hand to actually use the knife. It is not sharp, and since the Damascus may just be a layering, I would not suggest trying to sharpen  it. If you buy it.. buy it for the looks and not as something you would actually use.",NEUTRAL,NEGATIVE,anger,False,3.25,NEGATIVE|anger
1,B0002LNP68,2.0,Sparse,The parts that grew in were pretty but I seeded the whole area evenly and only a few patches came in,NEGATIVE,NEGATIVE,sadness,True,0.85,NEGATIVE|sadness
2,B07BKPYVZZ,2.0,They melt in the dishwasher! Even on the top rack.,Warning! They melt in the dishwasher. I couldn’t find any info regarding dishwasher safe or not. So I tried putting them on the top rack and they completely melted.,NEGATIVE,NEGATIVE,anger,True,0.72,NEGATIVE|anger
3,B07T9CBX2H,1.0,Cheap quality,Cheap fall apart easy.,NEGATIVE,NEGATIVE,anger,True,0.71,NEGATIVE|anger
4,B01KH2PV4U,3.0,Three Stars,It doesn’t track my swimming very well.,NEUTRAL,NEGATIVE,anger,False,1.65,NEGATIVE|anger
5,B000NV7QB2,3.0,Duns small - good quality,"Good quality but runs small.  My daughter weighs 40 lbs and has a 23 inch chest, so she us well within guidelines for the child vest, however this was super tight on her.  Otherwise good quality life jacket.",NEUTRAL,NEUTRAL,surprise,True,1.13,NEUTRAL|surprise
6,B00JCNL2B2,1.0,Dont buy,"Used for the first time. The middle zipper jammed halfway open. Got the zipper mostly closed. Then the smaller zipper jammed.  Guess quality control is not at big mango! Into the trash this bag goes. The waist strap is very cheap,too.",NEGATIVE,NEGATIVE,anger,True,0.72,NEGATIVE|anger
7,B08YJZF2NQ,4.0,Good product so far,I liked it. I would recommend. I bought a large and I wear a xl. It’s really stretchy.,POSITIVE,POSITIVE,joy,True,0.61,POSITIVE|joy
8,B01LRW25Y8,4.0,Love this bottle,"Love this bottle! It's great to use when cycling—very easy to just squirt some water into your mouth and place right back into a rack. I like that I can twist the mouthpiece to either open or close the flow of water. It's never leaked.<br /><br />That said, the same design that makes it easy to use on the go is really hard to clean. The mouthpiece is removable, sure, but even then there's no way to clean up inside of it unless you use a dishwasher and hope for the best. I suppose we can't have it all.",POSITIVE,POSITIVE,joy,True,0.82,POSITIVE|joy
9,B07B6XKCRZ,4.0,Good,Good,POSITIVE,POSITIVE,joy,True,0.72,POSITIVE|joy
10,B07MZPKVNZ,3.0,Great for use as a time capsule,"If wanted to put some items in the bag and bury it in the ground for archeologists to discover 500 years from now, this would be the bag. If I want a bag to separate different items in my rucksack for hiking, it would be terrible.<br /><br />The material is very thick and hard to work with. It's over kill for use as a dry back within a backpack.",NEUTRAL,NEUTRAL,surprise,True,1.54,NEUTRAL|surprise
11,B08G1CV96Q,3.0,Kinda small,Cute but really thick..,NEUTRAL,NEGATIVE,sadness,False,1.64,NEGATIVE|sadness
12,B07XT48WDM,5.0,Amazing leggings,Great fabric not sheer styling is great two pockets and a secret pocket for cash buy a smaller size I’m a medium but could have bought a small if you have a bit of a tummy they might roll a bit overall great quality would buy again but smaller,POSITIVE,POSITIVE,joy,True,1.02,POSITIVE|joy
13,B00OBVOO56,2.0,This leaks. I cannot lie it sideways or place ...,"This leaks. I cannot lie it sideways or place it in any position other than upright because it has leaked in my car, my carrying bag, my backpack. I ordered it as an easier way to drink and maintain than the bite-valve/straw version but I would not do it again and will replace these with the former.",NEGATIVE,NEGATIVE,anger,True,1.02,NEGATIVE|anger
14,B07D1VJG4L,3.0,Great sweatshirt,"This is a great sweatshirt. However, the zipper became unattached within days. Luckily I could sew it back on. Other than that, it is very nice.",NEUTRAL,NEUTRAL,surprise,True,1.43,NEUTRAL|surprise
15,B06XD3H1FM,5.0,very sturdy and light,"ordered this to prevent carabiners from accidentally opening. Very sturdy and well made, great price.",POSITIVE,POSITIVE,joy,True,0.72,POSITIVE|joy
16,B087XZ2KL3,1.0,Blade centering is terrible,The knife hardly opens and closes and this is the replacement for the first one that didn't open at all.,NEGATIVE,NEGATIVE,anger,True,0.82,NEGATIVE|anger
17,B07173P58P,5.0,Great sports hat with long bill,"Awesome lightweight sports hat. It's a bit large for my head, but is adjustable. I like the long bill and that it dries quickly! The fabric is breathable. So far I've run with it a few times and have no complaints.",POSITIVE,POSITIVE,joy,True,0.72,POSITIVE|joy
18,B07WZNGTWT,3.0,Auto feeder and waterer,"The auto food dispenser is easier to refill than the auto waterer. Nice and lightweight. The water feeder is messy if you don't have it wound on ""just right"".",NEUTRAL,ERROR,error,False,2.87,ERROR|error
19,B0987WVHZD,5.0,Great value,Great value quick delivery,POSITIVE,POSITIVE,joy,True,0.82,POSITIVE|joy
20,B01BE3EURU,1.0,"Cheap parts, poor design, incomplete operating instructions, and poor manufacturer support","While the feeder has few parts, the lack of complete instructions makes construction harder than it should be. Cheap parts (plastic push pins to hold the feed chute in place and a very thin lid) further degrade this product.  The display had no on or off button nor did it have a defined slot/space to securely hold the 6-volt battery. The Moultrie solar panel was provided with one 3/4"" screw which was too short to secure it firmly to the feeder. The wires from the solar panel to the battery were not protected from varmints with either a sheath or covering. Instructions were not provided how to maximize battery life or how long a battery would last before it needed recharging.  The display showed that the battery was fully charged yet would not work/remained blank despite repeated efforts to set the time, date, feeding times, etc. I guessed there should be a reset button somewhere and found it on the back of the display inside the battery compartment. I pressed it for 15 seconds or so and the display began working correctly. The printed instructions did not mention there was a reset button or how to use it.<br /><br />Update One - the feeder quit spreading/dispensing deer corn after three weeks of use. The feed outlet was not jammed and corn dispensed freely when I hand whirled the metal dispenser. The display turned blank when the set time came to spread the corn. Pressing the reset button many times and changing the battery did not resolve the issue. I called Moultrie support. After a very long wait time, I told the representative what the problem was and what I'd done to try and resolve the issue. I was told they would send me a return label so I could return the unit to them for repair. I said deer season is three weeks from now and I won't be able to use the feeder this year if I send in the broken dispenser. The representative said she was sorry but turnaround was fast, usually a week and a half or so. She also said that they could not send a replacement dispenser. This is a bunch of crap - if I send in my broken dispenser, why not send me a replacement as soon as they see my broken unit is on the way back to them? Now I have feeder that's broken and the issue can't be resolved so it can be used by the time deer season starts.<br /><br />Update Two - the promised return label was never emailed to me. After a week of waiting, I called Moultrie back and explained that I had a defective feeder and was told I would be emailed a return label which I never received. I was told the previous agent hadn't written my email address so the form was never sent. The new agent said she didn't have the authority to send me the return label and would transfer me to a ""higher up"" who would resolve my issue.  After 30 minutes of waiting and no response I hung up and initiated a support chat on the Moultrie web site. The support chat representative told me the other two Moultrie agents were wrong and the customer is responsible (pays) for sending a defective unit to Moultrie. She directed me to another web page where I was told to fill out a warranty return form and submit it electronically. I was also told to print the completed form out and include it in the box with the defective unit. The form printed out on three pages - the first page page was blank, the second page had my contact information, and the third page did not include the description of the problem I had included with the just submitted electronic form. I hand wrote out the description of the problem and attached it to the other forms including the proof of purchase. The dispenser cost $19+ to send to Moultrie's repair shop via the US Post Office.<br /><br />This has been the worst support service and warranty return process I have ever encountered. Moultrie obviously discourages any repairs or returns despite glowing language about their customer service on their web site. Further, if I'd known how poorly designed and constructed this feeder was I would have never ordered it. Saying that - I'm past the point where it can be returned to Amazon for a refund. I will never purchase another Moultrie product and will tell all my friends that are thinking of buying one of their products of my experiences and advise them not to.",NEGATIVE,NEGATIVE,anger,True,0.82,NEGATIVE|anger
21,B002KV1MJU,2.0,Did not like,"If you aren't 5'5&#34; or taller then don't buy this bike. Also, if you have any strength or stamina at all don't buy this bike. Thecresistance is pathetic. I gave it two stars because my kids (tall boys) enjoyed passing the time by ridingbthis...for about a week. We got rid of it after itvsat unused for several months.",NEGATIVE,NEGATIVE,anger,True,0.82,NEGATIVE|anger
22,B07FB7LKVH,3.0,Close..but no cigar!! :-/,"I was so excited to receive this item but the novelty quickly faded..The cap sticks, does not illuminate as scheduled! Liquid inside is warm quickly due to insert! So it’s a No! Maybe I’ll try it if there’s a revised edition that keeps water cool, for me, how quickly your water is warmed makes this item unusable!",NEUTRAL,NEGATIVE,anger,False,0.72,NEGATIVE|anger
23,B09BXH5MC1,1.0,This device should be discontinued,"This has been terrible since I first received it as a gift only 6 months ago. No altimeter, okay fine, but charging is so challenging. The connection between device and charger is very weak. Now the band has failed. I would wish Fitbit hadn’t sold a piece of crap but my confidence is low after five years.",NEGATIVE,NEGATIVE,anger,True,1.02,NEGATIVE|anger
24,B08H8GMNV7,2.0,Doesnt shift as crisply as the equivalent shimano 8 speed cassette,the title says it all.  it sometimes wont shift from the 7th to 6th highest gear and from 6 to 7 crisply.<br />i put an equivalent shimano cassette on and problem solved.<br />i dont know why for sure.  the shimano has a lot more little ramps and grooves on the gear faces for one thing.  but it may be that the spacing between 6 and 7 is a bit off.  looks nicely made anyway.,NEGATIVE,NEGATIVE,anger,True,1.54,NEGATIVE|anger
25,B003I1AO9K,2.0,don't buy this backpack,"I recieved this backpack in new condition. When my son used it for the first  week of school i had to sew the shoulder strap to the bag. The bag is no good to him,should have spent the money some where else.",NEGATIVE,NEGATIVE,anger,True,0.82,NEGATIVE|anger
26,B003FBI83C,5.0,Huge and sturdy,This is the best !!! Super huge. Were using it for sled rides behind our side by side and the kids love it. Also pulls behind our quad stacked full of wood with no problems. Definitely recommended.,POSITIVE,POSITIVE,joy,True,0.51,POSITIVE|joy
27,B07N4N397T,3.0,Broke easily,"While it was roomy and easily pops in place, it was hard to fold back in place and broke easily.",NEUTRAL,NEGATIVE,anger,False,0.92,NEGATIVE|anger
28,B07BQC8DN9,2.0,Not worth the price,Very cheap quality.  Way to light for most applications and EXTREMELY over priced for what you get . Would recommend going with a different manufacturer.,NEGATIVE,NEGATIVE,anger,True,0.82,NEGATIVE|anger
29,B01N6FUNNG,3.0,Not what I hoped,"I had been diagnosed with sleep apnea after a doctor ordered in home sleep test. After losing a lot of weight, I wanted to use this to monitor my sleep, as my symptoms f sleep apnea had improved. Using the iPhone app, I was able to get a clear trend of my o2 during the evening, which I thought would be a sign of apnea events. There is also a secondary trend showing movement. My interpretation of the data was I was not having apnea events, but when I showed it to my doctor, he did not seem to think the data was of any value for determining sleep apnea events. I am giving it 3 stars because it does work, but its a lot of money when considering I can do the fitness monitoring with my Iphone and the sleep monitoring may not have any value.",NEUTRAL,NEUTRAL,sadness,True,1.64,NEUTRAL|sadness
30,B006EHACXS,3.0,Used this in the BWCA to store clean water after ...,"Used this in the BWCA to store clean water after filtering.  Worked OK, only 3 stars as it doesn't fold up very well, (didn't think it would), but I also had to put some teflon tape around the threads so it didn't drip.",NEUTRAL,ERROR,error,False,2.97,ERROR|error
31,B076ZN8RTY,3.0,Not what was expected,Pucks are way to big for table top air hockey game. More for large floor models. Also paddles don’t come with the felt on them they come separated and you have to put the backing on yourself and it’s supposed to come with a bag to hold everything but we did not receive one. Not what I expected and will be sending these back.,NEUTRAL,NEGATIVE,anger,False,0.82,NEGATIVE|anger
32,B000Y19EKC,5.0,Love you Layne,"This poster came waaaay before the expected delivery date! Love you Layne, you'll forever be in our hearts :)",POSITIVE,POSITIVE,joy,True,0.72,POSITIVE|joy
33,B000C1YTCW,1.0,One Star,Returnes. Was NOT universal.,NEGATIVE,NEGATIVE,anger,True,1.02,NEGATIVE|anger
34,B01FSYJDLY,1.0,One Star,waste of money,NEGATIVE,NEGATIVE,anger,True,0.72,NEGATIVE|anger
35,B016CI45F4,1.0,Horrible,"They are a pain to load, awkward to carry, slam into your legs. THE worst! Save your money.",NEGATIVE,NEGATIVE,anger,True,0.72,NEGATIVE|anger
36,B00525YK9U,1.0,Garbage,bought these online which was a big mistake. made it about 100 yards in a foot of fresh powder before the bindings of both shoes became stretched so that they were too loose for my boots. I wear a size 11 boot which is fairly wide and these bindings would not even come in contact with the toe of my boot at its tightest fitting.I would have noticed the fault in these snowshoes were I to visit a brick and mortar store. Some things are not meant to be purcased online.<br />Went to a popular outdoor store in MT and bought a pair by the same manufacturer with a ratchet type binding for only a few dollars more. They work flawlessly. Do not buy the Redfeather Hike!,NEGATIVE,NEGATIVE,anger,True,0.92,NEGATIVE|anger
37,B003UG9UV6,3.0,Nice product if you're looking for tea tree oil and convenience,"These are great to keep in my gym bag and wipe down any equipment and my body after a workout to prevent spread of bacteria from others. A little pricy for that purpose, but I really wanted something with tea tree oil that was ultra portable. If you are looking for a tea tree solution and don't need portability/convenience, I would recommend purchasing pure tea tree oil and adding a few drops to the desired product you want it in (lotion, body wash, shampoo, detergent, etc). This is much more economical and you are able to keep your regular items.",NEUTRAL,POSITIVE,joy,False,0.92,POSITIVE|joy
38,B01G5OSOV6,2.0,BAD BUY,"I bought this instead of buying the Alienware belt with stainless steel that's sandwiched in between the leather. Big Mistake. Although Hank's leather gun belt can handle the load, they do stretch just like the regular belts, which annoys me beyond my satisfaction. I was at second hole when I got it, and now I'm getting near the fifth hole on the belt, because they've stretched so much, and it's only been a month or so.<br /><br />I'm giving two stars for the look and how thick the leather is, but this belt act just like the normal leather belt by stretching, and distorting on the hole you're at.<br /><br />It can barely handle a full size HK VP9. It struggles even when the belt is so tight around my waist that it cuts circulation.",NEGATIVE,NEGATIVE,anger,True,0.92,NEGATIVE|anger
39,B006H48HB2,3.0,Not bad for 1 time picnic use.  Kinda disposable,Was cheap. Qualities is. Heap too,NEUTRAL,NEGATIVE,disgust,False,2.07,NEGATIVE|disgust
40,B003U5ZFZ2,3.0,You get what you pay for,"This lanyard is exactly what you would expect for the price.  It has very thin bands, but is still functional for the price.",NEUTRAL,NEUTRAL,trust,True,1.42,NEUTRAL|trust
41,B01FZD7APO,2.0,The lid has a gasket that keeps the water from ...,"The lid has a gasket that keeps the water from leaking out, unfortunately, when you tighten the lid on, the friction causes the gasket to shift, thus making an imperfect seal.  It then leaks.",NEGATIVE,NEGATIVE,anger,True,0.82,NEGATIVE|anger
42,B001TS6WWC,3.0,Good tent for the money but needs some preparation in order to get it ready for it's first use!!,"Really great size tent we really enjoyed it and it is very sturdy unfortunately when we set it up we found a year on the front corner so we are exchanging it. Also DO NOT GO OUT WITHOUT FIRST WATERPROOFING IT AND SEAM SEALING!! We went camping for memorial weekend and it rained pretty good, the tent was leaking in at least 5 different places some much worse than others. Also the fact that it doesn't have a zipper to hold down the solid fabric to the porch area was anointing because it can not be very easily unzipped. Over all we like the tent for the price but when we receive our replacement we will definitely be sealing it and adding Velcro to the outer flap of the porch fabric. And I highly recommend picking up some metal stakes while your at it because the plastic ones are silly!! It was super easy to put up all alone as a 9 month pregnant women simple and easy follow instructions at least coming from someone who has put up plenty of tents in my time.",NEUTRAL,ERROR,error,False,2.87,ERROR|error
43,B002KBDHYI,5.0,Great beginner frisbees,Great beginner frisbees! Love these products and it’s easy for kids to throw so they don’t get discouraged when they miss their mark — at least it traveled far!,POSITIVE,POSITIVE,joy,True,0.72,POSITIVE|joy
44,B089TXRG3L,2.0,Run very small,Run very small …. Have always worn small size gloves but these are extremely small fitting.,NEGATIVE,NEGATIVE,anger,True,0.82,NEGATIVE|anger
45,B07F485HPR,3.0,Super small,"Arrived and they were way smaller than expected.  My wife usually wears a small, and couldn't get her hands in these!",NEUTRAL,NEGATIVE,surprise,False,0.82,NEGATIVE|surprise
46,B000UNKSBI,5.0,Awesome lil ball,Bought 2 for the boys and seem to be pretty good. Wish they wouldn't of been flat on arrival but whatever.,POSITIVE,POSITIVE,joy,True,1.02,POSITIVE|joy
47,B077W49Y9Q,2.0,umm should pass on this one,Hardware fell apart and was lost after 4 uses. i really don't want to spent 20 dollars on hardware to fix it. going to go with the Tanner instead.,NEGATIVE,NEGATIVE,anger,True,0.72,NEGATIVE|anger
48,B00S4PSX02,3.0,Three Stars,Ok,NEUTRAL,NEUTRAL,trust,True,1.64,NEUTRAL|trust
49,B013H4D0W0,3.0,Super expensive for socks!,"These are a gift, but geeze, that's a ton of money for one pair of socks.  I went for it, because of his love of Steelers.  I wouldn't do it other wisse.",NEUTRAL,NEGATIVE,disgust,False,2.05,NEGATIVE|disgust
50,B00D0Y9F72,1.0,Ripped instantly!,This ripped as we were putting around a women’s bike. Too late to return. Total waste of money.,NEGATIVE,NEGATIVE,anger,True,0.61,NEGATIVE|anger
51,B06WGM1RZR,3.0,Wouldn’t repurchase,"Nice design, but didn’t keep interior very cool for a boat day. Difficult to wrangle with rolling support guide",NEUTRAL,NEGATIVE,sadness,False,1.53,NEGATIVE|sadness
52,B01KHI1A12,3.0,Three Stars,"For the price it's ok! Use for Yoga class, does the job!",NEUTRAL,NEUTRAL,trust,True,1.43,NEUTRAL|trust
53,B003CUF8K2,4.0,Worked as expected,Great price,POSITIVE,POSITIVE,joy,True,0.5,POSITIVE|joy
54,B083K92STB,2.0,Don't count on it,"Not very warm, more thin than I expected, and the waterproof side tore the first time I used it. I guess you get what you pay for.",NEGATIVE,NEGATIVE,anger,True,0.94,NEGATIVE|anger
55,B076VJ2RWH,5.0,Great Quality Shirsts,Thank You,POSITIVE,POSITIVE,joy,True,0.61,POSITIVE|joy
56,B01K9S260E,5.0,Five Stars,I am glad that the wrist band is changable.,POSITIVE,POSITIVE,joy,True,0.61,POSITIVE|joy
57,B09339G2LD,5.0,Husband loves it,"Got this for my husband's birthday. He's been doing the disc golf thing for at least 10, but probably more years. He's VERY picky. He has no complaints about this bag so far.",POSITIVE,POSITIVE,joy,True,0.82,POSITIVE|joy
58,B01AVDVHTI,3.0,Three Stars,"The bands have started to become stuck and twist up occasionally, I am not quite sure why.",NEUTRAL,NEGATIVE,anger,False,0.8,NEGATIVE|anger
59,B08S6PNDSB,3.0,Not the best for commuter traffic.,"These fit well on a typical tubed frame and seem to stay put with reasonably aggressive riding. They aren't bright enough for my needs, commuting in automobile traffic. Even after charging to make sure after they were delivered. But, they'd probably work well enough for residential neighborhood traffic, walking a pet, children's bicycles in a park setting, or for parking lots. They'll work in a pinch, but, I wouldn't expect to be seen during daylight, and at night I'd stay out of automobile traffic. 12 settings is a overkill, 3-4 typical settings would be fine. It just takes 3x longer to set the lights.",NEUTRAL,ERROR,error,False,2.99,ERROR|error
60,B00A6TBITM,5.0,Great company,"Great lights for my grandsons bike, company very professional",POSITIVE,POSITIVE,joy,True,0.92,POSITIVE|joy
61,B07STDW3CZ,3.0,Not women’s,"This is definitely not a women’s product. Having read reviews I knew this before I purchased three of them (small medium and large) for Christmas gifts, I am pleased with my items.<br /><br />They should probably think about correcting the listing description.<br /><br />At 5 foot 9 inches, 170 pounds; I wear the small (had small medium and large to try on too).",NEUTRAL,POSITIVE,joy,False,1.23,POSITIVE|joy
62,B09Y374XMX,5.0,This is the cot to get,Unique design. Lightweight but sturdy. Fits in a 2 person tent. Packs up nicely. March way products are good quality.  Buy with confidence,POSITIVE,POSITIVE,joy,True,1.23,POSITIVE|joy
63,B00TP88IUC,2.0,it seems like a nice outdoor camera,"for some reason is not working.....????, it seems like a nice outdoor camera.",NEGATIVE,NEGATIVE,anger,True,0.82,NEGATIVE|anger
64,B005E0V0Z0,5.0,Five Stars,Great can but DONT pay more then 25 bucks for this you can get it elsewhere for cheaper!,POSITIVE,POSITIVE,joy,True,0.92,POSITIVE|joy
65,B00J6966C2,1.0,One Star,too small,NEGATIVE,NEGATIVE,anger,True,1.13,NEGATIVE|anger
66,B004ZAAM5Y,3.0,"Adequate, comfortable.","The seat is comfortable and seems relatively durable. One thing worth noting is that since this seat isn't made out of something waterproof, it's obviously going to soak up some water when it's raining. Something to consider if this is going on a winter bike, or you live in an area with lots of rainfall.",NEUTRAL,NEUTRAL,anticipation,True,1.64,NEUTRAL|anticipation
67,B08FRQBFQ9,3.0,Wheels are terrible,"The design is beautiful. The wheels are terrible, even after adjusting it, it still doesn't move properly. I had to return it.",NEUTRAL,NEGATIVE,anger,False,0.89,NEGATIVE|anger
68,B09WY9F8YL,1.0,Sadly dissapointed.,"I really wanted to love this tricycle. I have severely broken both of my legs a couple of years apart. Needless to say, I have developed a fear of falling and re-injuring either leg. Rather than take a chance riding a two wheel bike, I chose a tricycle so I could ride with my family. Pro's: I can't think of any. Con's:  The directions and video were ambiguous and skipped crucial steps when building the bike. It took a few hours to completely assemble between my husband and myself. After assembling, we took it outside for a trial run. The bike chain was too lose, so we adjusted it by one segment. Then the chain was extraordinarily tight. We attempted to adjust the bike multiple time within the two weeks it was put together with no luck. Then, as you can see in the pictures above, the fan shaped piece that attaches the fenders to the bike broke off. Upon closer inspection, it appears to have had a very poor weld. That was the last straw for me. Even if we had figured out the problem with the chain, there is no way I was keeping a bike that I paid $350 for when pieces were already breaking off.<br />We did not keep the original packaging, so I purchased an extra-large wardrobe box, bubble wrap, and tape and packed it up. It is so poorly made that I am fortunately still within the return window. I'm out about $40 to pack it but that is a small price to pay to get the majority of my money back. I would not purchase this bike or any similar to it again.",NEGATIVE,ERROR,error,False,2.9,ERROR|error
69,B00L5QZ4YU,3.0,I am using this on a polymer frame and it ...,I am using this on a polymer frame and it is  difficult to remove for cleaning but I have no complaints about accuracy or retention with the companion holster.,NEUTRAL,NEUTRAL,trust,True,1.95,NEUTRAL|trust
70,B00L941MIK,5.0,PERFECT GIFT FOR FRIEND,A gift for an older man in a wheelchair. He loves it. It is the perfect gift as a lap blanket.,POSITIVE,POSITIVE,joy,True,0.51,POSITIVE|joy
71,B00IF13RTC,2.0,There is always play in the joining near the bottom ...,There is always play in the joining near the bottom where the steering column goes into the wheel joint. I have tightened this all the way and still there is play so that the handlebars keep getting out of alignment and the scooter is not safe to ride. Is this something I can fix? The bolt will not tighten any more than it already has been.,NEGATIVE,NEGATIVE,anger,True,1.02,NEGATIVE|anger
72,B081SPS2WY,5.0,Is very bright good to use in  outdors  night rides,"have not yet tried the USB charger, but as soon as the flashlight is surprised by its light intensity. Very good for night outings in the mountains",POSITIVE,POSITIVE,joy,True,1.09,POSITIVE|joy
73,B08VG4QLPR,5.0,Very useful,Great. Easy to use. Can make sure you take the required water intake for a day,POSITIVE,POSITIVE,joy,True,0.6,POSITIVE|joy
74,B071HQFKBY,4.0,Good but can’t stand up in the saddle,"The product was easy to assemble. The noise did not bother me as much as some other people in their reviews. The one thing that makes me give it four stars instead of five is that it’s not really built for standing up in the saddle, which most trainers (I use Peloton and Apple Fitness) will have you do at least once during a workout. The trainer doesn’t provide the stability for being up in the saddle, so I just stay seated the whole time.",POSITIVE,POSITIVE,joy,True,2.2,POSITIVE|joy
75,B001B20F60,1.0,Horrible Transaction- rip off,"I ordered 2 director chairs that arrived dirty and missing parts.  I had to pay for the shipping for these chairs that did not arrive as described AND I had to pay for the return shipping!  When an item arrives defective for which the customer has no control over, the customer should not have to pay for the shipping! I will never order from this company again.",NEGATIVE,NEGATIVE,anger,True,0.61,NEGATIVE|anger
76,B06XDLVVJG,1.0,One Star,doesn't fold well.,NEGATIVE,NEGATIVE,anger,True,0.72,NEGATIVE|anger
77,B01EM42B74,4.0,"Not a Xootr, but pretty good","I ordered this for my kiddo. I own an original Xootr from the first year of production, and it's still going strong, so that's my basis for comparison.<br /><br />CONs:<br />* Rattly from brand new. The pins that fit into the front recepticles after unfolding and lock it in riding position are slack in the slots, meaning they rattle and that makes the whole steering move. It feels like the headset is loose. (I checked, it's not.) I'll probably fill those with a pair of custom plastic bushing made from insta-morph plastic.<br />*I'm 6'3"", and this razor won't fit me comfortably. Sure, I could make it work, but the Xootr is a better fit.<br />*Separable bars: I like the (fixed) handlebars better on the xootr than the disconnecting ones on the razors. They don't add that much to the folded dimensions, and they don't dangle from cheap bungie, as the Razor's bars do.<br />*Still that little, narrow deck. I like a bigger deck, but hey, with a few screws and a piece of ply or carbon fiber panel, this would be a simple mod.<br /><br />PRO:<br />* Nice big rear fender. That rear brake keeps street crud off the back of your legs. City street slime is gross, and the trails by us have all sorts of animal crap you'd rather not be wearing.<br />* Nice front fender too!<br />*The wheels on the razor are actually bigger than the Xootr, which is saying something. Big wheels are important. Before the Xootr, I tried commuting on the then-popular regular razor, and those little wheels were death on cracks or pavement irregularities. Bigger wheels deal much better.<br />* 1/3 the price of the Xootr.",POSITIVE,ERROR,error,False,3.07,ERROR|error
78,B073TW5CTR,1.0,Low Quality & Uncomfortable Fabric,"Mine ripped after 1.5 months, the material is like a women's nylon based on how the year looks. I also find it tight, I wish it were a little more loose. I understand they do that so that it doesn't fall down but it's not that comfortable when it's squeezing your arm.",NEGATIVE,NEGATIVE,anger,True,0.76,NEGATIVE|anger
79,B081K84SV9,3.0,Tacky in a good way,"The silicon grip is good. The mesh on top of the glove slides a little. If you get tired of burning through $21.95/ea stasofts, this is a good alternative",NEUTRAL,POSITIVE,joy,False,0.87,POSITIVE|joy
80,B00QHO79WU,1.0,One Star,Broke after a few weeks. Cheaply made product.,NEGATIVE,NEGATIVE,anger,True,0.82,NEGATIVE|anger
81,B01DYSD9J8,2.0,Inaccurate size description...way smaller than 5x7 inches...more like 2x3 inches,Inaccurate size description...way smaller than 5x7 inches...more like 2x3 inches,NEGATIVE,NEGATIVE,anger,True,0.72,NEGATIVE|anger
82,B000GVIL3Q,1.0,STAY AWAY NOT FOR YAMAHA SUV 1200 USERS,Poorly designed and poorly executed product !!! Horrible fit. this is NOT designed for a Yamaha SUV 1200.  I wasted over an hour doing everything I could to get his thing to fit. I lowered the tilt even took the seat off. Stay away. This is  a waste of time.  Shame really cause the cover itself was made of a nice material. After wasting over an hour of my life fooling with this thing I had the privilege for paying $9  to send it back. STAY AWAY NO THOUGHT WENT INTO THE DESIGN AND OR MANUFACTURE OF THIS PRODUCT.,NEGATIVE,NEGATIVE,anger,True,0.61,NEGATIVE|anger
83,B00KVUNY2K,1.0,"No, No, No",This looks nothing like the tag pictured. I actually own the “real” version of this tag and was just trying to replace it due to its age. This is a pixelated cheap knock off photo of the real thing plastered on a tag. Ships from China and took a month to arrive. Very disappointed!,NEGATIVE,NEGATIVE,anger,True,0.82,NEGATIVE|anger
84,B0757KFNTR,3.0,Not exactly product shown,"Definitely size up! Shirts fits good if you size up (one or two sizes from your usual). The one I received is not what was pictured. I ordered the blue with black writing and the shirt I received is lighter in color and has white writing. I still am keeping it, just letting you know!",NEUTRAL,NEUTRAL,surprise,True,2.25,NEUTRAL|surprise
85,B00AQU47JO,3.0,shrinks....,"this is a really nice looking shirt, an my husband liked it.... BUT it shrank at least 2 inches shorter....",NEUTRAL,NEGATIVE,sadness,False,0.82,NEGATIVE|sadness
86,B001447UHW,1.0,One Star,Description says 2 per pack only got one what's the deal,NEGATIVE,NEGATIVE,anger,True,5.08,NEGATIVE|anger
87,B08C73STVN,5.0,Water,It’s perfect,POSITIVE,POSITIVE,joy,True,0.76,POSITIVE|joy
88,B07DKHCN3R,3.0,Stinky!!,Took so long to blow up by the time I was done I was too tired for my workout LOL!!!  (Jk...I pushed through. But seriously set aside a half hour of pumping time for first use)<br />Seems to work fine but oh my gosh the thing is SMELLY.  From out of the box and over night it still has that horrible package/silicone plastic or whatever it's made or SMELL.  Gonna try airing it out or spraying it with something because it is stinking up my living room where I can smell it when I come into the room.,NEUTRAL,NEGATIVE,disgust,False,2.21,NEGATIVE|disgust
89,B07ZYTSXF7,1.0,Poor Quality. Tore at the seam first time I used it.,Ripped at the seam first time I used. Material separating at the grommets.  Stitching is loose and not reinforced around the edges.  Very disappointed!,NEGATIVE,NEGATIVE,sadness,True,1.17,NEGATIVE|sadness
90,B076FJPNXQ,2.0,Peels with time,Great graphic design. Doesn’t fade. BUT the adhesive is junk. Peeled off in substantial amounts. Glass was properly cleaned and other stickers next to it lasted years longer.,NEGATIVE,NEGATIVE,anger,True,1.13,NEGATIVE|anger
91,B00144B7JO,3.0,Pillow is very comfortable. The only negative is that it still has ...,"Pillow is very comfortable. The only negative is that it still has a strong chemical smell even after 3 weeks of use. I washed the coverlet, but a week later the smell penetrated.",NEUTRAL,NEUTRAL,disgust,True,1.44,NEUTRAL|disgust
92,B01B25PLTQ,5.0,"Style, Sleek and everything I was looking for in a Fitbit!","I love this fitness tracker. All the items are here that help me keep my goals, diet and exercise logged and charted. Heart rate monitor would be the only missing feature. Style is a 10+, nothing looks as attractive as this ALTA design. Discrete and sleek, comfort and convenience. I swap my bands every 3-5 days to clean and keep wear down and even across 3 of them. Color availability for the band, as well as materials is a great feature.",POSITIVE,POSITIVE,joy,True,1.02,POSITIVE|joy
93,B00AX99IX8,3.0,"""Bigger"" than expected.","Well, I typically wear Medium in 2XU but not in this case. The M_wetsuit is just little too loose for my comfort.  Other reviews mentioned that it is &#34;smaller&#34; but my case is just the opposite.  I guess it depends on your body type.",NEUTRAL,NEGATIVE,surprise,False,2.15,NEGATIVE|surprise
94,B07NYB3V86,5.0,Great start for a fun sport.,Product as good as advertised. Less expensive than competition and just as good.,POSITIVE,POSITIVE,joy,True,1.02,POSITIVE|joy
95,B097SVVFL2,3.0,no string,im ok with but why would u send a popsicle cup with no string???,NEUTRAL,NEUTRAL,surprise,True,1.13,NEUTRAL|surprise
96,B07NC65X6V,3.0,Good looking but complicated and heavy,"It can protect both knee and shin against impact, I like the length.<br />I don't think the padding or the net fabric is reliable.<br />Those strips make it good looking, but after washing and drying, those strips stuck together, so I don't think it's recommended to be put into a dryer.<br />Regarding the size, I followed the method and measured 16.5"" then chose a L size, but it's tight, I would have chosen a XL size. After trying, I recommend to measure the circumference of your thigh 6.5"" (rather than 5"") above the kneecap.<br />It's a little heavier than another brand that I have, I would like it be more simple.",NEUTRAL,ERROR,error,False,4.1,ERROR|error
97,B002SYWYKU,4.0,Quality,Quality all around.,POSITIVE,POSITIVE,joy,True,0.72,POSITIVE|joy
98,B08BJZBJR7,1.0,Seemed like a great idea,Took this to the beach the stakes are too flimsy and if any wind blows it’s gone. The picture is very deceiving as far as size goes as well. Just felt poorly  made.,NEGATIVE,NEGATIVE,anger,True,1.43,NEGATIVE|anger
99,B07VR7LMW7,5.0,Easy to order and was what I expected,Fit the club,POSITIVE,POSITIVE,joy,True,1.23,POSITIVE|joy
100,B07ZF3DZC5,1.0,Hoping for replacement to try again,The cap broke within the first few days,NEGATIVE,NEGATIVE,sadness,True,1.54,NEGATIVE|sadness
101,B01MYRAUNH,5.0,Shoot great with a 40# recurve,Shoot great with a 40# recurve,POSITIVE,POSITIVE,joy,True,0.82,POSITIVE|joy
102,B002YQUP7Q,3.0,Would have liked it to be sturdier,"That was a SOB to put together. I'm not sure how long it'll last with a million pieces and a bunch of screws, but so far, it functions. It creaks every time I do a pull-up and that's a bit frightening",NEUTRAL,NEGATIVE,fear,False,1.84,NEGATIVE|fear
103,B07GBNPVJ6,3.0,It’s ok,"The kids were excited when we got this, but after setting it up, we discovered that the beanbags are hard to throw in the bottom holes because they don’t fully extend. The kids tired of this quickly. I was hoping it would be fun for days when we couldn’t go outside, but the kids never played with it after the first time.",NEUTRAL,NEGATIVE,sadness,False,1.33,NEGATIVE|sadness
104,B0151RQAX2,3.0,Three Stars,"A lighter, cheaper-feeling version of the Specialized lock I already have. We'll see how it lasts.",NEUTRAL,NEUTRAL,anticipation,True,1.02,NEUTRAL|anticipation
105,B01G3KE7LS,4.0,Great for school and sports,"Bought for kids for use at school and sports.  Easy for them to fill, but if you squeeze too hard, they do leak.  Easy to clean right in dishwasher.",POSITIVE,POSITIVE,joy,True,1.23,POSITIVE|joy
106,B001AMTA58,1.0,Meh…,"So bummed about this ramp:<br /><br />1.  Instruction sticker stuck to the top of the ramp and didn’t come off smooth at all. Made the ramp look terrible.<br />2. Flimsy, not trusting the stability<br />3. Only rated UP TO 125 lbs-that includes the child and the scooter/bike/skateboard<br /><br />You get what you pay for. Dang.",NEGATIVE,NEGATIVE,sadness,True,1.43,NEGATIVE|sadness
107,B00AKZ1WC0,5.0,Amazing racquet,"This is the best racquet I ever used. If you are a serious tennis player, this is the racquet for you. I have been playing tennis for 6 years now and I am amazed by Babolats racquets. This racquet is great for topspin and faster swing speed. This racquet has great quality and is very durable. I recommend this to beginners, intermediate, and experts. It is a very light racquet. The strings have a great impact on the feel of the racquet. It is easy to keep the ball in play with it. The color scheme is fantastic. The only problem is it is a little expensive. Overall an amazing racquet.",POSITIVE,POSITIVE,joy,True,1.02,POSITIVE|joy
108,B004UOPZ9S,3.0,Pump works but leaks around head,"Filled up two lower units with this pump, it works but began to leak out of the top during second use.",NEUTRAL,NEUTRAL,surprise,True,2.97,NEUTRAL|surprise
109,B003F4MNKI,5.0,Best foam ball,Best foam ball on the market to play tennis with.,POSITIVE,POSITIVE,joy,True,0.72,POSITIVE|joy
110,B0BCY6Y1VL,1.0,complete POS,"One more mm of machining would've been sufficient, but that is apparently too much to ask. Neither end piece (handle) engaged and locked into place. I had to Dremel the ends of the pipes to make this thing work. Too disgusted to return to Amazon and wait for another POS replacement. Don't waste your time or money. Buy a single piece/bar from another manufacturer.",NEGATIVE,NEGATIVE,disgust,True,0.71,NEGATIVE|disgust
111,B07RTCVLKT,5.0,Necessary,Got the scooter so I could go running while my wife follows in this scooter. Best investment I’ve made in a long time.,POSITIVE,POSITIVE,joy,True,0.73,POSITIVE|joy
112,B07MTDDRCN,5.0,Good,Protects my hands when my son punches. A win.,POSITIVE,POSITIVE,joy,True,1.02,POSITIVE|joy
113,B011LC85PM,4.0,Durable,Dropped a few times and still works great,POSITIVE,POSITIVE,joy,True,1.02,POSITIVE|joy
114,B0007ZF4OA,5.0,Five Stars,"They work great, i work outside in the cold and my gloves are never without",POSITIVE,POSITIVE,joy,True,0.67,POSITIVE|joy
115,B0881DT26D,5.0,Worth buying,I love it… I’m glad I bought it.. awesome work out,POSITIVE,POSITIVE,joy,True,0.61,POSITIVE|joy
116,B07MSYTQNM,2.0,less than a year and the face no longer displays,"I thought this was a nice little watch and fitness tracker.  I didn't even wear it every day, and never got it wet, but less than a year and the face no longer displays.  I am very disappointed.",NEGATIVE,NEGATIVE,sadness,True,0.96,NEGATIVE|sadness
117,B08F22597G,1.0,Arrived with holes in it,Had holes in it like Critters had been eating it.,NEGATIVE,NEGATIVE,disgust,True,0.88,NEGATIVE|disgust
118,B06W2GSD5B,5.0,Five Stars,Love it.,POSITIVE,POSITIVE,joy,True,0.78,POSITIVE|joy
119,B00F9GISVS,5.0,Paracord,Bought 7 100' hanks in various colors. Stuff is legit..,POSITIVE,POSITIVE,joy,True,1.02,POSITIVE|joy
120,B0012NA1DK,1.0,This chalk is not Ader. Do not Buy!!!,I payed more for this product and it was as if it was replaced with a different chalk. Do not waste your money!!!,NEGATIVE,NEGATIVE,anger,True,0.82,NEGATIVE|anger
121,B07PP7C9C8,5.0,perfect for kids and adults too,"this was perfect.  all the kids fought over it, so will need to get more now.  you could go down to the bottom of the pool and no water would get in the snorkel.  exactly how described",POSITIVE,POSITIVE,joy,True,0.92,POSITIVE|joy
122,B00IHVIBO6,3.0,It's a beautiful bottle that holds all the water I was looking ...,This is my second Beira Hard Sided Water Filtered Bottle I got. It's a beautiful bottle that holds all the water I was looking for. The only inconvenience is that it drops the water through the border between the white top and the transparent part of the lid. Still a great bottle but unable to give the 5 stars because of that inconvenience.,NEUTRAL,ERROR,error,False,3.99,ERROR|error
123,B002WM0R5C,3.0,Not my definition of mint,I do not know what their definition of mint is but these ball were not my definition of mint.  I would call them good condition.  Some minor scuffs and marks.  Some had logos.  One said X out.,NEUTRAL,NEGATIVE,anger,False,2.15,NEGATIVE|anger
124,B00JSNC7TM,5.0,Five Stars,Love it.,POSITIVE,POSITIVE,joy,True,0.61,POSITIVE|joy
125,B01GG0ZCM8,2.0,Once it's on my waist it bounces like crazy. When I pull the straps as tight ...,"I had high hopes based on reviews, but this does bounce around and I can't get it tight enough to stay in place, on my hips. Once it's on my waist it bounces like crazy. When I pull the straps as tight as possible and start my run, it's great. For about 5 mins. Then I fight with it the rest of my run. Guess I'll look for something else.",NEGATIVE,NEGATIVE,anger,True,0.92,NEGATIVE|anger
126,B004ZML1MA,3.0,Three Stars,line is ok. It has a lot of memory and stretch to it.,NEUTRAL,ERROR,error,False,3.89,ERROR|error
127,B08LL89L82,5.0,Perfect gift for a Buffalo Bills fan!,"It is a double-sided ornament and well made.<br />My nephew is a devoted Buffalo Bills fan.  His university dorm room is adorned with Buffalo Bills merchandise and memorabilia.  My nephews have always had their own Christmas tree to decorate with their favorite ornaments, this one will be an added bonus!",POSITIVE,POSITIVE,joy,True,0.82,POSITIVE|joy
128,B07V8DG1W8,3.0,Light weight umbrella,Umbrella OK when no breeze but with any breeze umbrella becomes functionally useless,NEUTRAL,NEGATIVE,anger,False,1.33,NEGATIVE|anger
129,B00QLU9O14,1.0,Unhappy customer,"I ordered these lights for me, my son and two of my cousin's bikes. Out of the 5 sets only 2 work. 3 of the sets are not very bright and half way work some of the time. Only the blue one and the multicolored one work. I do not recommend these!! Not worth it!",NEGATIVE,NEGATIVE,anger,True,1.33,NEGATIVE|anger
130,B08HXVHFGL,3.0,This mouth guard is super hard.,The guard was super hard- gave her a headache and made her jaws ache. We have used other brands in the past that were a little bit softer n were more comfortable.  So disappointed by she liked the colors.,NEUTRAL,NEGATIVE,sadness,False,1.02,NEGATIVE|sadness
131,B00Z6JDDTK,1.0,Nice quality Super disappointed,Nice quality<br />Super disappointed. Way too big and not returnable :((,NEGATIVE,NEGATIVE,sadness,True,1.02,NEGATIVE|sadness
132,B0918TC2P7,3.0,Increase the ounces,Good bottles but they need to be bigger as in ounces to carry more fluids and especially for the price,NEUTRAL,ERROR,error,False,4.2,ERROR|error
133,B00NB2WYSU,2.0,I saw this and it looked super cool. I opend box and it looked like ...,I saw this and it looked super cool. I opend box and it looked like photos were made on a color printer with ink all but out in the cartridges.  From 10 feet away it looks cool.  from 2 feet away its something that your 3rd grader made. The artifacts are made of clay and painted. All that is ok. Any photo or text box is a single sheet of paper glued onto backing. glass is  cheap and wont take much to break . Put it in the corner where you cant get up close to look at it and its cool. I might try to take it apart and put in new photos and replace all the cheap stuff. I dont hate it but its not the product you think you are getting. I was thinking to get a pool que rack from this same supplier. I am now rethinking that purchase as well..,NEGATIVE,NEGATIVE,sadness,True,3.28,NEGATIVE|sadness
134,B095YTX5J5,1.0,It looks cheap,Color is way off,NEGATIVE,NEGATIVE,disgust,True,0.92,NEGATIVE|disgust
135,B09B29YND8,3.0,Decent buy,The pad that comes with it is nowhere near what it looks like in the picture. It’s like a thin blanket. Yes the cot is sturdy and worth it but if you are like me. If you are purchasing this instead of the others simply for the padding. Don’t!,NEUTRAL,ERROR,error,False,4.3,ERROR|error
136,B002VWK09Q,3.0,This thing sucks if not assembled correctly...This pedal exerciser is ok for the price. The only ting u gotta know is put the di,"I'm just trying to ride SMOOTHLY, with it not rocking, or wiggling, or shaking then flippin out. Rattling, can't be made secure, the legs can not be tightly attached, I think they need to make a stool or seat that comes with this. It's Whack and I'll call tmrw and hopefully solve this. Amazon's pretty good about handling these things. RUBBISH, I say spend another $100 and get a little stationary bike, if not from here than Big 5 or Target or something...Not gonna give u a hard resistance leg workout but is good for those coming from physical rehab, and wanna circulate the blood in ur legs...tensions kinda weak. But after my atrophy its good enuff 4 me :)",NEUTRAL,ERROR,error,False,3.65,ERROR|error
137,B08DFLMB3N,5.0,They are great,The fit,POSITIVE,POSITIVE,joy,True,0.93,POSITIVE|joy
138,B00B2OG62O,5.0,Five Stars,Absolutely love this bag. I use it for work and I love it,POSITIVE,POSITIVE,joy,True,0.7,POSITIVE|joy
139,B00CAWQM12,5.0,WONDERFUL,"GREAT GIFT FOR A CHILD WHO LOVES MINNIE MOUSE, EVEN IF THEY DRINK OUT OF THE BOTTLE. EASY OPEN AND CLOSE CAP WITH A SAFETY SPILL CAP ON TOP, GREAT IDEA!!!",POSITIVE,POSITIVE,joy,True,0.73,POSITIVE|joy
140,B00ZHRJ70U,1.0,IronBull?  More like IronBS,"I bought these to experiment with new equipment/straps and as an inexpensive alternative to the 2 sets of Versa Grips which I have owned.  I was quite satisfied with my Versa Grips and each pair lasted about two years (training 3-5 times a week) before ripping.  These &#34;IronBull&#34; grips literally lasted through 7 workouts.  I wish I had taken a picture of the end result after my last workout because the left hand strap had ripped entirely through the neoprene center.  I was hanging from my pull-up bar only by my finger tips and the fabric edges.  Had the fabric torn as well, it was entirely possible I would have dislocated my right shoulder (of the one strap which had not torn).<br />  7 workouts Really?  I need my money back.<br />Please go with Versa Grips they are worth the extra money.",NEGATIVE,NEGATIVE,anger,True,0.69,NEGATIVE|anger
141,B00A74ZUJ0,5.0,Awesome Water Bottle,"This water bottle is most awesome, best water bottle that I have ever purchased.  It is totally awesome!  Plan on using it daily!",POSITIVE,POSITIVE,joy,True,0.62,POSITIVE|joy
142,B001D78PCE,2.0,Not worth it,Over priced.,NEGATIVE,NEGATIVE,anger,True,1.19,NEGATIVE|anger
143,B00KGBX5DC,5.0,Five Stars,Is exelente,POSITIVE,POSITIVE,joy,True,0.91,POSITIVE|joy
144,B06Y5QTCQD,5.0,I love this hammock,"I love this hammock! It's perfect for taking a nap, reading a book, people watching or just hanging out with friends. It's quite large and can easily fit two people in it while still allowing them elbow room. I bought tree straps and sturdier carabiners for mine, but the provided lines and carabiners work just fine, it was more of a personal preference and the sturdy look the new carabiners provided me. I will definitely be buying another of these for my sisters who like to hike and sit outdoors with friends.",POSITIVE,POSITIVE,joy,True,0.72,POSITIVE|joy
145,B08FMXVLJ4,3.0,"Color is not true to life, but nice up",Nice cup but the burgundy color is not as bright as it appears on your screen. It looks like a deep plum in person and when you angle it toward the light you see the burgundy.  Just a heads up.,NEUTRAL,ERROR,error,False,4.2,ERROR|error
146,B07YH3S9WQ,3.0,Pricey,"I would have given it 4 stars if it weren't for the fact that the (cheap) stickers they put on the chair arms peeled off some of the wood (good sign of solid, high quality wood), and left a sticky goo that I'm going to have to somehow clean off. Also, there was a big 'made in China sticker' on the support that I also could not get off due to the poor quality.",NEUTRAL,NEGATIVE,anger,False,1.33,NEGATIVE|anger
147,B06VSTLM7Z,3.0,Warning! May increase SI joint pain,"A physician friend recommended The Plane to me as a way of strengthening leg and core muscles, and, hopefully, reducing my lower back pain.  I did exactly as the instructions said -- starting slowly and working up. I used the board at work and at home for a week. My back pain steadily increased with usage to the point where I had to stop.  The idea is great. Just know this is not a magic cure for chronic lower back pain (mine is SI joint).  I returned the board. Although it took a full week after the company received the board back for them to issue a refund, they did stand behind their guarantee.",NEUTRAL,NEGATIVE,anger,False,2.05,NEGATIVE|anger
148,B00X7ACM1K,5.0,Good product,Love it it’s not to heavy love the pattern,POSITIVE,POSITIVE,joy,True,0.82,POSITIVE|joy
149,B000F3S892,4.0,I like it,Does the job. I like it,POSITIVE,POSITIVE,joy,True,0.82,POSITIVE|joy
